{"stat.pickup.minecraft.rotten_flesh":1,"stat.chestOpened":1,"stat.walkOneCm":39018,"stat.useItem.minecraft.sapling":3,"stat.craftItem.minecraft.planks":180,"stat.pickup.touhou_little_maid.smart_slab":1,"stat.drop.minecraft.wooden_pickaxe":1,"stat.leaveGame":1,"stat.craftItem.minecraft.stone_axe":1,"stat.craftItem.minecraft.crafting_table":1,"stat.craftItem.minecraft.stone_pickaxe":1,"stat.useItem.minecraft.wooden_pickaxe":21,"stat.pickup.minecraft.cobblestone":32,"stat.mobKills":1,"stat.mineBlock.minecraft.coal_ore":17,"stat.mineBlock.minecraft.brown_mushroom":1,"stat.mineBlock.minecraft.log":97,"stat.pickup.minecraft.log":99,"stat.flyOneCm":16221,"stat.pickup.minecraft.brown_mushroom":4,"stat.drop":1,"stat.jump":124,"stat.mineBlock.minecraft.leaves":45,"stat.pickup.zawa.worm":19,"stat.playOneMinute":17194,"stat.pickup.minecraft.coal":17,"stat.fallOneCm":1045,"stat.climbOneCm":7482,"stat.useItem.minecraft.stone_pickaxe":36,"stat.sneakTime":87,"stat.useItem.minecraft.stone_axe":83,"stat.damageDealt":150,"stat.mineBlock.minecraft.iron_ore":8,"stat.killEntity.Zombie":1,"stat.sleepInBed":1,"stat.pickup.zawa.care_guide":1,"stat.timeSinceDeath":17194,"stat.useItem.minecraft.wooden_axe":59,"stat.pickup.minecraft.sapling":12,"stat.sprintOneCm":26164,"stat.useItem.minecraft.stone_slab2":3,"stat.craftItem.minecraft.wooden_pickaxe":1,"stat.mineBlock.minecraft.stone":32,"stat.craftItem.minecraft.stick":8,"stat.craftItem.minecraft.wooden_axe":1,"stat.craftingTableInteraction":4,"stat.pickup.minecraft.iron_ore":8}