{"stat.chestOpened":10,"stat.pickup.tconstruct.book":1,"stat.craftItem.ebwizardry.magic_crystal":4,"stat.walkOneCm":128266,"stat.useItem.minecraft.bread":3,"stat.useItem.minecraft.potato":2,"stat.pickup.touhou_little_maid.smart_slab":1,"stat.drop.minecraft.wooden_pickaxe":1,"stat.useItem.minecraft.iron_axe":128,"stat.leaveGame":1,"stat.mineBlock.ebwizardry.crystal_flower":2,"stat.craftItem.minecraft.crafting_table":1,"stat.furnaceInteraction":2,"stat.killEntity.grimoireofgaia.cyan_flower":1,"stat.useItem.touhou_little_maid.smart_slab":3,"stat.craftItem.minecraft.iron_axe":1,"stat.pickup.minecraft.leather_chestplate":1,"stat.mineBlock.minecraft.coal_ore":17,"stat.mineBlock.minecraft.brown_mushroom":1,"stat.pickup.minecraft.log":257,"stat.jump":619,"stat.pickup.zawa.worm":38,"stat.swimOneCm":8824,"stat.pickup.minecraft.coal":17,"stat.fallOneCm":8924,"stat.climbOneCm":7482,"stat.useItem.minecraft.planks":7,"stat.pickup.minecraft.iron_ingot":6,"stat.pickup.minecraft.iron_pickaxe":1,"stat.useItem.minecraft.yellow_flower":1,"stat.useItem.minecraft.stone_axe":86,"stat.craftItem.minecraft.stone_slab2":0,"stat.pickup.minecraft.porkchop":8,"stat.crouchOneCm":172,"stat.mineBlock.gravestone.gravestone":1,"stat.pickup.minecraft.leather_helmet":1,"stat.craftItem.minecraft.iron_ingot":12,"stat.pickup.minecraft.sapling":38,"stat.pickup.minecraft.dirt":2,"stat.sprintOneCm":72655,"stat.useItem.minecraft.stone_slab2":8,"stat.craftItem.minecraft.stick":12,"stat.craftItem.minecraft.wooden_axe":1,"stat.craftingTableInteraction":5,"stat.pickup.minecraft.iron_ore":8,"stat.pickup.minecraft.rotten_flesh":2,"stat.entityKilledBy.siren":1,"stat.pickup.iceandfire.shiny_scales":3,"stat.useItem.minecraft.sapling":3,"stat.craftItem.minecraft.planks":396,"stat.pickup.minecraft.iron_axe":1,"stat.craftItem.minecraft.stone_axe":1,"stat.damageTaken":377,"stat.pickup.minecraft.bread":19,"stat.craftItem.minecraft.stone_pickaxe":1,"stat.useItem.minecraft.wooden_pickaxe":21,"stat.useItem.minecraft.carrot":2,"stat.mobKills":5,"stat.pickup.minecraft.cobblestone":32,"stat.pickup.minecraft.leather_leggings":1,"stat.mineBlock.minecraft.log":178,"stat.pickup.minecraft.leather_boots":1,"stat.pickup.ebwizardry.crystal_flower":2,"stat.pickup.minecraft.prismarine_crystals":2,"stat.flyOneCm":112023,"stat.deaths":1,"stat.pickup.minecraft.brown_mushroom":8,"stat.drop":1,"stat.mineBlock.minecraft.leaves":65,"stat.playOneMinute":41494,"stat.useItem.minecraft.stone_pickaxe":36,"stat.sneakTime":275,"stat.craftItem.minecraft.iron_pickaxe":1,"stat.useItem.minecraft.stone_sword":8,"stat.damageDealt":1165,"stat.mineBlock.minecraft.iron_ore":8,"stat.killEntity.Zombie":1,"stat.sleepInBed":2,"stat.pickup.zawa.care_guide":2,"stat.timeSinceDeath":5884,"stat.killEntity.siren":1,"stat.useItem.minecraft.wooden_axe":59,"stat.pickup.minecraft.yellow_flower":2,"stat.mineBlock.minecraft.dirt":2,"stat.craftItem.minecraft.wooden_pickaxe":1,"stat.mineBlock.minecraft.stone":32,"stat.killEntity.Pig":2,"stat.mineBlock.minecraft.tallgrass":3,"stat.diveOneCm":6496}