{"stat.pickup.minecraft.log":45,"stat.flyOneCm":607,"stat.walkOneCm":10777,"stat.jump":21,"stat.mineBlock.minecraft.leaves":19,"stat.playOneMinute":5494,"stat.fallOneCm":209,"stat.craftItem.minecraft.planks":12,"stat.pickup.touhou_little_maid.smart_slab":1,"stat.leaveGame":1,"stat.sneakTime":84,"stat.craftItem.minecraft.crafting_table":1,"stat.pickup.zawa.care_guide":1,"stat.timeSinceDeath":5494,"stat.useItem.minecraft.wooden_axe":59,"stat.pickup.minecraft.sapling":4,"stat.sprintOneCm":3653,"stat.useItem.minecraft.stone_slab2":2,"stat.mineBlock.minecraft.log":43,"stat.craftItem.minecraft.stick":4,"stat.craftItem.minecraft.wooden_axe":1,"stat.craftingTableInteraction":2}