{"stat.chestOpened":7,"stat.walkOneCm":80003,"stat.useItem.minecraft.potato":2,"stat.pickup.touhou_little_maid.smart_slab":1,"stat.drop.minecraft.wooden_pickaxe":1,"stat.useItem.minecraft.iron_axe":77,"stat.leaveGame":1,"stat.craftItem.minecraft.crafting_table":1,"stat.furnaceInteraction":2,"stat.useItem.touhou_little_maid.smart_slab":3,"stat.craftItem.minecraft.iron_axe":1,"stat.mineBlock.minecraft.coal_ore":17,"stat.mineBlock.minecraft.brown_mushroom":1,"stat.pickup.minecraft.log":164,"stat.jump":193,"stat.pickup.zawa.worm":19,"stat.pickup.minecraft.coal":17,"stat.fallOneCm":1672,"stat.climbOneCm":7482,"stat.useItem.minecraft.stone_axe":83,"stat.craftItem.minecraft.stone_slab2":0,"stat.crouchOneCm":172,"stat.craftItem.minecraft.iron_ingot":12,"stat.pickup.minecraft.sapling":20,"stat.sprintOneCm":32853,"stat.useItem.minecraft.stone_slab2":5,"stat.craftItem.minecraft.stick":12,"stat.craftItem.minecraft.wooden_axe":1,"stat.craftingTableInteraction":5,"stat.pickup.minecraft.iron_ore":8,"stat.pickup.minecraft.rotten_flesh":1,"stat.useItem.minecraft.sapling":3,"stat.craftItem.minecraft.planks":396,"stat.craftItem.minecraft.stone_axe":1,"stat.craftItem.minecraft.stone_pickaxe":1,"stat.useItem.minecraft.wooden_pickaxe":21,"stat.useItem.minecraft.carrot":2,"stat.mobKills":1,"stat.pickup.minecraft.cobblestone":32,"stat.mineBlock.minecraft.log":162,"stat.flyOneCm":28253,"stat.pickup.minecraft.brown_mushroom":4,"stat.drop":1,"stat.mineBlock.minecraft.leaves":57,"stat.playOneMinute":28894,"stat.useItem.minecraft.stone_pickaxe":36,"stat.sneakTime":269,"stat.craftItem.minecraft.iron_pickaxe":1,"stat.damageDealt":150,"stat.mineBlock.minecraft.iron_ore":8,"stat.killEntity.Zombie":1,"stat.sleepInBed":1,"stat.pickup.zawa.care_guide":1,"stat.timeSinceDeath":28894,"stat.useItem.minecraft.wooden_axe":59,"stat.craftItem.minecraft.wooden_pickaxe":1,"stat.mineBlock.minecraft.stone":32}