{
  "avatarmod:earthbending/unlock_element_earth": {
    "criteria": {
      "unlock_an_element": "2024-09-06 02:46:23 +0000"
    },
    "done": true
  },
  "iceandfire:iceandfire/root": {
    "criteria": {
      "tick": "2024-09-06 02:46:23 +0000"
    },
    "done": true
  },
  "avatarmod:earthbending/ranks/novice_rankup": {
    "criteria": {
      "rankup_nothing": "2024-09-06 02:46:23 +0000"
    },
    "done": true
  },
  "avatarmod:earthbending/abilities/earth_control/unlock_earth_control": {
    "criteria": {
      "unlock_an_ability": "2024-09-06 02:46:23 +0000"
    },
    "done": true
  },
  "mowziesmobs:root": {
    "criteria": {
      "custom_test_name": "2024-09-06 02:46:23 +0000"
    },
    "done": true
  },
  "cfm:root": {
    "criteria": {
      "tick": "2024-09-06 02:46:23 +0000"
    },
    "done": true
  },
  "twilightforest:alt/compat/tconstruct": {
    "criteria": {
      "book": "2024-09-06 02:46:23 +0000"
    },
    "done": true
  },
  "cfm:install": {
    "criteria": {
      "tick": "2024-09-06 02:46:23 +0000"
    },
    "done": true
  },
  "minecraft:adventure/adventuring_time": {
    "criteria": {
      "taiga": "2024-09-06 02:46:23 +0000"
    },
    "done": false
  }
}